"Variable / Field Name","Form Name","Section Header","Field Type","Field Label","Choices, Calculations, OR Slider Labels","Field Note","Text Validation Type OR Show Slider Number","Text Validation Min","Text Validation Max",Identifier?,"Branching Logic (Show field only if...)","Required Field?","Custom Alignment","Question Number (surveys only)","Matrix Group Name","Matrix Ranking?","Field Annotation"
rsp_survey_config,rsp_survey_metadata,,text,"Survey Config (SubSetting)
--HIDDEN or different form with autocontinue--",,,,,,,,,,,,,
rsp_survey_day_number,rsp_survey_metadata,,text,"Day Number 
--HIDDEN or different form with autocontinue--",,,,,,,,,,,,,
rsp_survey_date,rsp_survey_metadata,,text,"Survey Date
--HIDDEN or different form with autocontinue--",,,date_ymd,,,,,,,,,,
rsp_survey_launch_ts,rsp_survey_metadata,,text,"Launch Timestamp
--HIDDEN or different form with autocontinue--",,,datetime_seconds_ymd,,,,,,,,,,
